domain	mediabias_leftcenterbias	mediabias_leftbias	mediabias_rightcenterbias	mediabias_rightbias
604now.com	1.0	0.0	0.0	0.0
972mag.com	1.0	0.0	0.0	0.0
Augustachronicle.com	1.0	0.0	0.0	0.0
Boston.com	1.0	0.0	0.0	0.0
Censor.NET	1.0	0.0	0.0	0.0
Citylab.com	1.0	0.0	0.0	0.0
Index.hr	1.0	0.0	0.0	0.0
MyCentralJersey.com	1.0	0.0	0.0	0.0
NBCWashington.com	1.0	0.0	0.0	0.0
NewsCenterMaine.com	1.0	0.0	0.0	0.0
Novinky.cz	1.0	0.0	0.0	0.0
Ocala.com	1.0	0.0	0.0	0.0
Pekintimes.com	1.0	0.0	0.0	0.0
Protocol.com	1.0	0.0	0.0	0.0
Puck.News	1.0	0.0	0.0	0.0
Spin.com	1.0	0.0	0.0	0.0
Today.com	1.0	0.0	0.0	0.0
VCstar.com	1.0	0.0	0.0	0.0
WAMU.org	1.0	0.0	0.0	0.0
abc11.com	1.0	0.0	0.0	0.0
abcnews.go.com	1.0	0.0	0.0	0.0
abovethelaw.com	1.0	0.0	0.0	0.0
aceshowbiz.com	1.0	0.0	0.0	0.0
aclu.org	1.0	0.0	0.0	0.0
adaderana.lk	1.0	0.0	0.0	0.0
adl.org	1.0	0.0	0.0	0.0
aeon.co	1.0	0.0	0.0	0.0
affinitymagazine.us	1.0	0.0	0.0	0.0
africanarguments.org	1.0	0.0	0.0	0.0
africanews.com	1.0	0.0	0.0	0.0
ahvalnews.com	1.0	0.0	0.0	0.0
ajc.com	1.0	0.0	0.0	0.0
al-monitor.com	1.0	0.0	0.0	0.0
al-sura.com	1.0	0.0	0.0	0.0
alaraby.co.uk	1.0	0.0	0.0	0.0
albertaviews.ca	1.0	0.0	0.0	0.0
aljazeera.com	1.0	0.0	0.0	0.0
allgov.com	1.0	0.0	0.0	0.0
americamagazine.org	1.0	0.0	0.0	0.0
americanimmigrationcouncil.org	1.0	0.0	0.0	0.0
americanpublicmedia.org	1.0	0.0	0.0	0.0
americanpurpose.com	1.0	0.0	0.0	0.0
amestrib.com	1.0	0.0	0.0	0.0
amnesty.org	1.0	0.0	0.0	0.0
amny.com	1.0	0.0	0.0	0.0
annistonstar.com	1.0	0.0	0.0	0.0
anthropocenemagazine.org	1.0	0.0	0.0	0.0
aol.com	1.0	0.0	0.0	0.0
apmreports.org	1.0	0.0	0.0	0.0
apnews.com	1.0	0.0	0.0	0.0
arktimes.com	1.0	0.0	0.0	0.0
armscontrol.org	1.0	0.0	0.0	0.0
arte.tv	1.0	0.0	0.0	0.0
asahi.com	1.0	0.0	0.0	0.0
aspeniaonline.it	1.0	0.0	0.0	0.0
aspeninstitute.org	1.0	0.0	0.0	0.0
atlanta.cbslocal.com	1.0	0.0	0.0	0.0
atlantablackstar.com	1.0	0.0	0.0	0.0
atlanticmedia.com	1.0	0.0	0.0	0.0
attn.com	1.0	0.0	0.0	0.0
austindailyherald.com	1.0	0.0	0.0	0.0
avclub.com	1.0	0.0	0.0	0.0
axios.com	1.0	0.0	0.0	0.0
azcapitoltimes.com	1.0	0.0	0.0	0.0
azcentral.com	1.0	0.0	0.0	0.0
azdailysun.com	1.0	0.0	0.0	0.0
backchannel.com	1.0	0.0	0.0	0.0
balkaninsight.com	1.0	0.0	0.0	0.0
baltimore.cbslocal.com	1.0	0.0	0.0	0.0
baltimoresun.com	1.0	0.0	0.0	0.0
bangordailynews.com	1.0	0.0	0.0	0.0
baptistnews.com	1.0	0.0	0.0	0.0
barrietoday.com	1.0	0.0	0.0	0.0
battlecreekenquirer.com	1.0	0.0	0.0	0.0
baxterbulletin.com	1.0	0.0	0.0	0.0
baynature.org	1.0	0.0	0.0	0.0
bbc.com	1.0	0.0	0.0	0.0
beaconjournal.com	1.0	0.0	0.0	0.0
belfercenter.org	1.0	0.0	0.0	0.0
bellingcat.com	1.0	0.0	0.0	0.0
bellinghamherald.com	1.0	0.0	0.0	0.0
berkeleyside.com	1.0	0.0	0.0	0.0
berkshireeagle.com	1.0	0.0	0.0	0.0
berliner-zeitung.de	1.0	0.0	0.0	0.0
bgr.com	1.0	0.0	0.0	0.0
bing.com	1.0	0.0	0.0	0.0
birminghammail.co.uk	1.0	0.0	0.0	0.0
blackenterprise.com	1.0	0.0	0.0	0.0
blackpressusa.com	1.0	0.0	0.0	0.0
bleacherreport.com	1.0	0.0	0.0	0.0
bloomberg.com	1.0	0.0	0.0	0.0
bluestemprairie.com	1.0	0.0	0.0	0.0
bostonglobe.com	1.0	0.0	0.0	0.0
bramptonguardian.com	1.0	0.0	0.0	0.0
brennancenter.org	1.0	0.0	0.0	0.0
brookings.edu	1.0	0.0	0.0	0.0
businessinsider.com	1.0	0.0	0.0	0.0
bustle.com	1.0	0.0	0.0	0.0
buzzfeed.com	1.0	0.0	0.0	0.0
buzzfeednews.com	1.0	0.0	0.0	0.0
bylinetimes.com	1.0	0.0	0.0	0.0
c4ads.org	1.0	0.0	0.0	0.0
caledonenterprise.com	1.0	0.0	0.0	0.0
cambridgetimes.ca	1.0	0.0	0.0	0.0
canadalandshow.com	1.0	0.0	0.0	0.0
canadians.org	1.0	0.0	0.0	0.0
capitalgazette.com	1.0	0.0	0.0	0.0
caribbeanlifenews.com	1.0	0.0	0.0	0.0
carnegieendowment.org	1.0	0.0	0.0	0.0
carolinapublicpress.org	1.0	0.0	0.0	0.0
catchnews.com	1.0	0.0	0.0	0.0
cbc.ca	1.0	0.0	0.0	0.0
cbpp.org	1.0	0.0	0.0	0.0
cbslocal.com	1.0	0.0	0.0	0.0
cbsnews.com	1.0	0.0	0.0	0.0
centerforinquiry.org	1.0	0.0	0.0	0.0
centerforpolitics.org	1.0	0.0	0.0	0.0
cgdev.org	1.0	0.0	0.0	0.0
chalkbeat.org	1.0	0.0	0.0	0.0
channel4.com	1.0	0.0	0.0	0.0
charlotteobserver.com	1.0	0.0	0.0	0.0
cheddar.com	1.0	0.0	0.0	0.0
chicago.cbslocal.com	1.0	0.0	0.0	0.0
chicago.suntimes.com	1.0	0.0	0.0	0.0
chieftain.com	1.0	0.0	0.0	0.0
chinaafricaproject.com	1.0	0.0	0.0	0.0
chinapost.nownews.com	1.0	0.0	0.0	0.0
chron.com	1.0	0.0	0.0	0.0
chronicle.com	1.0	0.0	0.0	0.0
ciponline.org	1.0	0.0	0.0	0.0
citizen.org	1.0	0.0	0.0	0.0
citizensforethics.org	1.0	0.0	0.0	0.0
citizentruth.org	1.0	0.0	0.0	0.0
cityandstateny.com	1.0	0.0	0.0	0.0
citynews1130.com	1.0	0.0	0.0	0.0
citypages.com	1.0	0.0	0.0	0.0
civilbeat.org	1.0	0.0	0.0	0.0
cjonline.com	1.0	0.0	0.0	0.0
cjr.org	1.0	0.0	0.0	0.0
clarionledger.com	1.0	0.0	0.0	0.0
cleantechnica.com	1.0	0.0	0.0	0.0
cleveland.com	1.0	0.0	0.0	0.0
cnas.org	1.0	0.0	0.0	0.0
cnbc.com	1.0	0.0	0.0	0.0
coed.com	1.0	0.0	0.0	0.0
colombiareports.com	1.0	0.0	0.0	0.0
coloradoan.com	1.0	0.0	0.0	0.0
coloradosun.com	1.0	0.0	0.0	0.0
commoncause.org	1.0	0.0	0.0	0.0
commonwealmagazine.org	1.0	0.0	0.0	0.0
commonwealthfund.org	1.0	0.0	0.0	0.0
consortiumnews.com	1.0	0.0	0.0	0.0
constitutionproject.org	1.0	0.0	0.0	0.0
courier-journal.com	1.0	0.0	0.0	0.0
courierpress.com	1.0	0.0	0.0	0.0
crisisgroup.org	1.0	0.0	0.0	0.0
crosscut.com	1.0	0.0	0.0	0.0
ctj.org	1.0	0.0	0.0	0.0
ctmirror.org	1.0	0.0	0.0	0.0
ctpost.com	1.0	0.0	0.0	0.0
daily.jstor.org	1.0	0.0	0.0	0.0
dailyclimate.org	1.0	0.0	0.0	0.0
dailycommercial.com	1.0	0.0	0.0	0.0
dailyhive.com	1.0	0.0	0.0	0.0
dailytarheel.com	1.0	0.0	0.0	0.0
dawn.com	1.0	0.0	0.0	0.0
dcist.com	1.0	0.0	0.0	0.0
dcreport.org	1.0	0.0	0.0	0.0
deadline.com	1.0	0.0	0.0	0.0
debunkingdenialism.com	1.0	0.0	0.0	0.0
deccanherald.com	1.0	0.0	0.0	0.0
delawareonline.com	1.0	0.0	0.0	0.0
delo.si	1.0	0.0	0.0	0.0
democracy21.org	1.0	0.0	0.0	0.0
democratandchronicle.com	1.0	0.0	0.0	0.0
demos.org	1.0	0.0	0.0	0.0
denverpost.com	1.0	0.0	0.0	0.0
derstandard.at	1.0	0.0	0.0	0.0
detroit.cbslocal.com	1.0	0.0	0.0	0.0
digg.com	1.0	0.0	0.0	0.0
diply.com	1.0	0.0	0.0	0.0
dispatch.com	1.0	0.0	0.0	0.0
diversityinc.com	1.0	0.0	0.0	0.0
dnj.com	1.0	0.0	0.0	0.0
dominionpost.com	1.0	0.0	0.0	0.0
dutchreview.com	1.0	0.0	0.0	0.0
dw.com	1.0	0.0	0.0	0.0
earth.columbia.edu	1.0	0.0	0.0	0.0
earthjustice.org	1.0	0.0	0.0	0.0
eastbaytimes.com	1.0	0.0	0.0	0.0
ecfr.eu	1.0	0.0	0.0	0.0
economicshelp.org	1.0	0.0	0.0	0.0
eff.org	1.0	0.0	0.0	0.0
egyptianstreets.com	1.0	0.0	0.0	0.0
ejinsight.com	1.0	0.0	0.0	0.0
eldiariony.com	1.0	0.0	0.0	0.0
elpais.com	1.0	0.0	0.0	0.0
elpasotimes.com	1.0	0.0	0.0	0.0
emerging-europe.org	1.0	0.0	0.0	0.0
emptywheel.net	1.0	0.0	0.0	0.0
enewscourier.com	1.0	0.0	0.0	0.0
engadget.com	1.0	0.0	0.0	0.0
epi.org	1.0	0.0	0.0	0.0
espn.com	1.0	0.0	0.0	0.0
euobserver.com	1.0	0.0	0.0	0.0
euractiv.com	1.0	0.0	0.0	0.0
eurasiareview.com	1.0	0.0	0.0	0.0
euronews.com	1.0	0.0	0.0	0.0
ew.com	1.0	0.0	0.0	0.0
exposingtruth.com	1.0	0.0	0.0	0.0
facebook.com/news	1.0	0.0	0.0	0.0
factmyth.com	1.0	0.0	0.0	0.0
fair.org	1.0	0.0	0.0	0.0
fairobserver.com	1.0	0.0	0.0	0.0
fairvote.org	1.0	0.0	0.0	0.0
fastcompany.com	1.0	0.0	0.0	0.0
feministfrequency.com	1.0	0.0	0.0	0.0
fightforthefuture.com	1.0	0.0	0.0	0.0
fivethirtyeight.com	1.0	0.0	0.0	0.0
focustaiwan.tw	1.0	0.0	0.0	0.0
foodnavigator.com	1.0	0.0	0.0	0.0
fool.com	1.0	0.0	0.0	0.0
forward.com	1.0	0.0	0.0	0.0
fpif.org	1.0	0.0	0.0	0.0
francetvinfo.fr	1.0	0.0	0.0	0.0
freakonomics.com	1.0	0.0	0.0	0.0
freep.com	1.0	0.0	0.0	0.0
fresnobee.com	1.0	0.0	0.0	0.0
fusion.net	1.0	0.0	0.0	0.0
fwweekly.com	1.0	0.0	0.0	0.0
gadsdentimes.com	1.0	0.0	0.0	0.0
gainesville.com	1.0	0.0	0.0	0.0
glamour.com	1.0	0.0	0.0	0.0
globalcitizen.org	1.0	0.0	0.0	0.0
globalnews.ca	1.0	0.0	0.0	0.0
globalrealnews.com	1.0	0.0	0.0	0.0
globalriskinsights.com	1.0	0.0	0.0	0.0
globaltimes.cn	1.0	0.0	0.0	0.0
gmanetwork.com	1.0	0.0	0.0	0.0
gothamist.com	1.0	0.0	0.0	0.0
governing.com	1.0	0.0	0.0	0.0
govexec.com	1.0	0.0	0.0	0.0
grid.news	1.0	0.0	0.0	0.0
grist.org	1.0	0.0	0.0	0.0
guelphmercury.com	1.0	0.0	0.0	0.0
gunviolencearchive.org	1.0	0.0	0.0	0.0
guttmacher.org	1.0	0.0	0.0	0.0
harpers.org	1.0	0.0	0.0	0.0
harvardpolitics.com	1.0	0.0	0.0	0.0
hcn.org	1.0	0.0	0.0	0.0
health.com	1.0	0.0	0.0	0.0
healthyway.com	1.0	0.0	0.0	0.0
heavy.com	1.0	0.0	0.0	0.0
hechingerreport.org	1.0	0.0	0.0	0.0
helsinkitimes.fi	1.0	0.0	0.0	0.0
helvidius.org	1.0	0.0	0.0	0.0
heraldnet.com	1.0	0.0	0.0	0.0
heraldonline.com	1.0	0.0	0.0	0.0
heraldscotland.com	1.0	0.0	0.0	0.0
highline.huffingtonpost.com	1.0	0.0	0.0	0.0
hilltimes.com	1.0	0.0	0.0	0.0
hindustantimes.com	1.0	0.0	0.0	0.0
historynewsnetwork.org	1.0	0.0	0.0	0.0
hollywoodreporter.com	1.0	0.0	0.0	0.0
hotnews.ro	1.0	0.0	0.0	0.0
hrw.org	1.0	0.0	0.0	0.0
hs.fi	1.0	0.0	0.0	0.0
humanium.org	1.0	0.0	0.0	0.0
ibtimes.com	1.0	0.0	0.0	0.0
icenews.is	1.0	0.0	0.0	0.0
icrw.org	1.0	0.0	0.0	0.0
idahopress.com	1.0	0.0	0.0	0.0
ifamericaknew.org	1.0	0.0	0.0	0.0
iflscience.com	1.0	0.0	0.0	0.0
imeu.org	1.0	0.0	0.0	0.0
independent.co.uk	1.0	0.0	0.0	0.0
independent.com	1.0	0.0	0.0	0.0
independentaustralia.net	1.0	0.0	0.0	0.0
indianexpress.com	1.0	0.0	0.0	0.0
inews.co.uk	1.0	0.0	0.0	0.0
infobae.com	1.0	0.0	0.0	0.0
inquirer.com	1.0	0.0	0.0	0.0
inquirer.net	1.0	0.0	0.0	0.0
inquisitr.com	1.0	0.0	0.0	0.0
insideclimatenews.org	1.0	0.0	0.0	0.0
insideedition.com	1.0	0.0	0.0	0.0
insidehighered.com	1.0	0.0	0.0	0.0
insidephilanthropy.com	1.0	0.0	0.0	0.0
insider.com	1.0	0.0	0.0	0.0
instituteforgovernment.org.uk	1.0	0.0	0.0	0.0
interpretermag.com	1.0	0.0	0.0	0.0
inverse.com	1.0	0.0	0.0	0.0
investigaterussia.org	1.0	0.0	0.0	0.0
ipolitics.ca	1.0	0.0	0.0	0.0
irishexaminer.com	1.0	0.0	0.0	0.0
irishtimes.com	1.0	0.0	0.0	0.0
irrawaddy.com	1.0	0.0	0.0	0.0
israel21c.org	1.0	0.0	0.0	0.0
itep.org	1.0	0.0	0.0	0.0
jacksonfreepress.com	1.0	0.0	0.0	0.0
jalopnik.com	1.0	0.0	0.0	0.0
japantoday.com	1.0	0.0	0.0	0.0
jconline.com	1.0	0.0	0.0	0.0
jihadica.com	1.0	0.0	0.0	0.0
jointcenter.org	1.0	0.0	0.0	0.0
jsonline.com	1.0	0.0	0.0	0.0
justsecurity.org	1.0	0.0	0.0	0.0
kansascity.com	1.0	0.0	0.0	0.0
kenoshanews.com	1.0	0.0	0.0	0.0
kentucky.com	1.0	0.0	0.0	0.0
kff.org	1.0	0.0	0.0	0.0
khn.org	1.0	0.0	0.0	0.0
knightfoundation.org	1.0	0.0	0.0	0.0
koco.com	1.0	0.0	0.0	0.0
koreatimes.co.kr	1.0	0.0	0.0	0.0
kotaku.com	1.0	0.0	0.0	0.0
kpic.com	1.0	0.0	0.0	0.0
kqed.org	1.0	0.0	0.0	0.0
kuow.org	1.0	0.0	0.0	0.0
kurdistan24.net	1.0	0.0	0.0	0.0
kyivindependent.com	1.0	0.0	0.0	0.0
laconiadailysun.com	1.0	0.0	0.0	0.0
ladepeche.fr	1.0	0.0	0.0	0.0
lajuntatribunedemocrat.com	1.0	0.0	0.0	0.0
lamag.com	1.0	0.0	0.0	0.0
lapresse.ca	1.0	0.0	0.0	0.0
lastampa.it	1.0	0.0	0.0	0.0
lasvegassun.com	1.0	0.0	0.0	0.0
latimes.com	1.0	0.0	0.0	0.0
latintimes.com	1.0	0.0	0.0	0.0
lawandcrime.com	1.0	0.0	0.0	0.0
leftjustified.com	1.0	0.0	0.0	0.0
lehighvalleylive.com	1.0	0.0	0.0	0.0
lemonde.fr	1.0	0.0	0.0	0.0
lethbridgeherald.com	1.0	0.0	0.0	0.0
lifehacker.com	1.0	0.0	0.0	0.0
lincolncourier.com	1.0	0.0	0.0	0.0
lincolnproject.us	1.0	0.0	0.0	0.0
lohud.com	1.0	0.0	0.0	0.0
losangeles.cbslocal.com	1.0	0.0	0.0	0.0
macleans.ca	1.0	0.0	0.0	0.0
magazine.atavist.com	1.0	0.0	0.0	0.0
mainichi.jp	1.0	0.0	0.0	0.0
maplight.org	1.0	0.0	0.0	0.0
mauinews.com	1.0	0.0	0.0	0.0
mb.com.ph	1.0	0.0	0.0	0.0
mcclatchydc.com	1.0	0.0	0.0	0.0
mcdonoughvoice.com	1.0	0.0	0.0	0.0
mediafiledc.com	1.0	0.0	0.0	0.0
mediapart.fr	1.0	0.0	0.0	0.0
medium.com	1.0	0.0	0.0	0.0
menshealth.com	1.0	0.0	0.0	0.0
mercurynews.com	1.0	0.0	0.0	0.0
metro.co.uk	1.0	0.0	0.0	0.0
metro.us	1.0	0.0	0.0	0.0
mexiconewsdaily.com	1.0	0.0	0.0	0.0
miami.cbslocal.com	1.0	0.0	0.0	0.0
miamiherald.com	1.0	0.0	0.0	0.0
mic.com	1.0	0.0	0.0	0.0
middleeasteye.net	1.0	0.0	0.0	0.0
migrationpolicy.org	1.0	0.0	0.0	0.0
minnesota.cbslocal.com	1.0	0.0	0.0	0.0
minnpost.org	1.0	0.0	0.0	0.0
mintpressnews.org	1.0	0.0	0.0	0.0
mirror.co.uk	1.0	0.0	0.0	0.0
mississippitoday.org	1.0	0.0	0.0	0.0
mnn.com	1.0	0.0	0.0	0.0
moneytalksnews.com	1.0	0.0	0.0	0.0
montgomeryadvertiser.com	1.0	0.0	0.0	0.0
morningbrew.com	1.0	0.0	0.0	0.0
motherjones.com	1.0	0.0	0.0	0.0
mprnews.org	1.0	0.0	0.0	0.0
msn.com	1.0	0.0	0.0	0.0
mysanantonio.com	1.0	0.0	0.0	0.0
nakedcapitalism.com	1.0	0.0	0.0	0.0
naplesnews.com	1.0	0.0	0.0	0.0
nation.africa	1.0	0.0	0.0	0.0
nationalnewswatch.com	1.0	0.0	0.0	0.0
nationalobserver.com	1.0	0.0	0.0	0.0
natmonitor.com	1.0	0.0	0.0	0.0
nature.org	1.0	0.0	0.0	0.0
nbcchicago.com	1.0	0.0	0.0	0.0
nbclosangeles.com	1.0	0.0	0.0	0.0
nbcnews.com	1.0	0.0	0.0	0.0
nbcnewyork.com	1.0	0.0	0.0	0.0
nbcphiladelphia.com	1.0	0.0	0.0	0.0
ncnewsonline.com	1.0	0.0	0.0	0.0
ndtv.com	1.0	0.0	0.0	0.0
newamerica.org	1.0	0.0	0.0	0.0
neweurope.eu	1.0	0.0	0.0	0.0
newleftreview.org	1.0	0.0	0.0	0.0
newmatilda.com	1.0	0.0	0.0	0.0
newmoderate.com	1.0	0.0	0.0	0.0
news-leader.com	1.0	0.0	0.0	0.0
news.mongabay.com	1.0	0.0	0.0	0.0
news.trust.org	1.0	0.0	0.0	0.0
news.yahoo.com	1.0	0.0	0.0	0.0
newsandgutsmedia.com	1.0	0.0	0.0	0.0
newsday.com	1.0	0.0	0.0	0.0
newser.com	1.0	0.0	0.0	0.0
newsherald.com	1.0	0.0	0.0	0.0
newsite.thehindu.com	1.0	0.0	0.0	0.0
newsobserver.com	1.0	0.0	0.0	0.0
newstimes.com	1.0	0.0	0.0	0.0
newsweek.com	1.0	0.0	0.0	0.0
newsy.com	1.0	0.0	0.0	0.0
newyork.cbslocal.com	1.0	0.0	0.0	0.0
nhk.or.jp/nhkworld/	1.0	0.0	0.0	0.0
nhregister.com	1.0	0.0	0.0	0.0
niagara-gazette.com	1.0	0.0	0.0	0.0
niemanlab.org	1.0	0.0	0.0	0.0
niskanencenter.org	1.0	0.0	0.0	0.0
nj.com	1.0	0.0	0.0	0.0
nola.com	1.0	0.0	0.0	0.0
northjersey.com	1.0	0.0	0.0	0.0
norwichbulletin.com	1.0	0.0	0.0	0.0
npr.org	1.0	0.0	0.0	0.0
nydailynews.com	1.0	0.0	0.0	0.0
nytimes.com	1.0	0.0	0.0	0.0
occupyindependents.com	1.0	0.0	0.0	0.0
ocweekly.com	1.0	0.0	0.0	0.0
oilandwaterdontmix.org	1.0	0.0	0.0	0.0
omplex.com	1.0	0.0	0.0	0.0
oneindia.com	1.0	0.0	0.0	0.0
onlineathens.com	1.0	0.0	0.0	0.0
opendemocracy.net	1.0	0.0	0.0	0.0
openthegovernment.org	1.0	0.0	0.0	0.0
orlandosentinel.com	1.0	0.0	0.0	0.0
ourant.com	1.0	0.0	0.0	0.0
ourworldindata.org	1.0	0.0	0.0	0.0
outsidethebeltway.com	1.0	0.0	0.0	0.0
ozy.com	1.0	0.0	0.0	0.0
pal-item.com	1.0	0.0	0.0	0.0
palmbeachdailynews.com	1.0	0.0	0.0	0.0
palmbeachpost.com	1.0	0.0	0.0	0.0
pamplinmedia.com	1.0	0.0	0.0	0.0
parrysound.com	1.0	0.0	0.0	0.0
patrioticmillionaires.org	1.0	0.0	0.0	0.0
pbs.org	1.0	0.0	0.0	0.0
pennlive.com	1.0	0.0	0.0	0.0
phillyvoice.com	1.0	0.0	0.0	0.0
phoenixnewtimes.com	1.0	0.0	0.0	0.0
pilotonline.com	1.0	0.0	0.0	0.0
pogo.org	1.0	0.0	0.0	0.0
politicalcritique.org	1.0	0.0	0.0	0.0
politico.com	1.0	0.0	0.0	0.0
politicsthatwork.com	1.0	0.0	0.0	0.0
politifact.com	1.0	0.0	0.0	0.0
polygon.com	1.0	0.0	0.0	0.0
pontiacdailyleader.com	1.0	0.0	0.0	0.0
populardemocracy.org	1.0	0.0	0.0	0.0
populationconnection.org	1.0	0.0	0.0	0.0
positive.news	1.0	0.0	0.0	0.0
pravda.com.ua	1.0	0.0	0.0	0.0
pressdemocrat.com	1.0	0.0	0.0	0.0
pressherald.com	1.0	0.0	0.0	0.0
pri.org	1.0	0.0	0.0	0.0
private-eye.co.uk	1.0	0.0	0.0	0.0
project-syndicate.org	1.0	0.0	0.0	0.0
propublica.org	1.0	0.0	0.0	0.0
prospectmagazine.co.uk	1.0	0.0	0.0	0.0
providencejournal.com	1.0	0.0	0.0	0.0
psmag.com	1.0	0.0	0.0	0.0
publicintegrity.org	1.0	0.0	0.0	0.0
publico.es	1.0	0.0	0.0	0.0
punchng.com	1.0	0.0	0.0	0.0
qz.com	1.0	0.0	0.0	0.0
radiotelevisionmarti.com	1.0	0.0	0.0	0.0
rappler.com	1.0	0.0	0.0	0.0
rationalwiki.org	1.0	0.0	0.0	0.0
readfrontier.org	1.0	0.0	0.0	0.0
registerguard.com	1.0	0.0	0.0	0.0
relevantmagazine.com	1.0	0.0	0.0	0.0
religionnews.com	1.0	0.0	0.0	0.0
reporter-times.com	1.0	0.0	0.0	0.0
represent.us	1.0	0.0	0.0	0.0
repubblica.it	1.0	0.0	0.0	0.0
resourcegovernance.org	1.0	0.0	0.0	0.0
revealnews.org	1.0	0.0	0.0	0.0
rfa.org	1.0	0.0	0.0	0.0
rgj.com	1.0	0.0	0.0	0.0
ridgecrestca.com	1.0	0.0	0.0	0.0
rightweb.irc-online.org	1.0	0.0	0.0	0.0
rocketnews.com	1.0	0.0	0.0	0.0
rooseveltinstitute.org	1.0	0.0	0.0	0.0
rrstar.com	1.0	0.0	0.0	0.0
sacbee.com	1.0	0.0	0.0	0.0
sacramento.cbslocal.com	1.0	0.0	0.0	0.0
sandiegoreader.com	1.0	0.0	0.0	0.0
sanfrancisco.cbslocal.co	1.0	0.0	0.0	0.0
sanluisobispo.com	1.0	0.0	0.0	0.0
sapiens.org	1.0	0.0	0.0	0.0
saudigazette.com.sa	1.0	0.0	0.0	0.0
sbs.com.au	1.0	0.0	0.0	0.0
sciencing.com	1.0	0.0	0.0	0.0
scmp.com	1.0	0.0	0.0	0.0
scoopwhoop.com	1.0	0.0	0.0	0.0
scroll.in	1.0	0.0	0.0	0.0
seattle.cbslocal	1.0	0.0	0.0	0.0
seattlepi.com	1.0	0.0	0.0	0.0
seattletimes.com	1.0	0.0	0.0	0.0
self.com	1.0	0.0	0.0	0.0
sentencingproject.org	1.0	0.0	0.0	0.0
sfchronicle.com	1.0	0.0	0.0	0.0
sfexaminer.com	1.0	0.0	0.0	0.0
sfgate.com	1.0	0.0	0.0	0.0
sj-r.com	1.0	0.0	0.0	0.0
sltrib.com	1.0	0.0	0.0	0.0
smh.com.au	1.0	0.0	0.0	0.0
sojo.net	1.0	0.0	0.0	0.0
sootoday.com	1.0	0.0	0.0	0.0
spiegel.de	1.0	0.0	0.0	0.0
stamfordadvocate.com	1.0	0.0	0.0	0.0
staradvertiser.com	1.0	0.0	0.0	0.0
startribune.com	1.0	0.0	0.0	0.0
statepress.com	1.0	0.0	0.0	0.0
statesman.com	1.0	0.0	0.0	0.0
statnews.com	1.0	0.0	0.0	0.0
staugustine.com	1.0	0.0	0.0	0.0
stepfeed.com	1.0	0.0	0.0	0.0
stopfake.org	1.0	0.0	0.0	0.0
stuff.co.nz	1.0	0.0	0.0	0.0
sunlightfoundation.com	1.0	0.0	0.0	0.0
swissinfo.ch	1.0	0.0	0.0	0.0
taiwannews.com.tw	1.0	0.0	0.0	0.0
tampa.cbslocal.com	1.0	0.0	0.0	0.0
tampabay.com	1.0	0.0	0.0	0.0
tarbell.org	1.0	0.0	0.0	0.0
taskandpurpose.com	1.0	0.0	0.0	0.0
taxjustice.net	1.0	0.0	0.0	0.0
taxpolicycenter.org	1.0	0.0	0.0	0.0
tcf.org	1.0	0.0	0.0	0.0
tcpalm.com	1.0	0.0	0.0	0.0
techcrunch.com	1.0	0.0	0.0	0.0
techdirt.com	1.0	0.0	0.0	0.0
texasmonthly.com	1.0	0.0	0.0	0.0
texastribune.org	1.0	0.0	0.0	0.0
theage.com.au	1.0	0.0	0.0	0.0
theatlantic.com	1.0	0.0	0.0	0.0
thebulletin.org	1.0	0.0	0.0	0.0
thebureauinvestigates.com	1.0	0.0	0.0	0.0
thechristianleft.org	1.0	0.0	0.0	0.0
thecitizen.org.au	1.0	0.0	0.0	0.0
thecity.nyc	1.0	0.0	0.0	0.0
thedailystar.com	1.0	0.0	0.0	0.0
theday.com	1.0	0.0	0.0	0.0
thefulcrum.us	1.0	0.0	0.0	0.0
theguardian.com	1.0	0.0	0.0	0.0
thehilltalk.com	1.0	0.0	0.0	0.0
thehumanist.com	1.0	0.0	0.0	0.0
theintercept.com	1.0	0.0	0.0	0.0
thejakartapost.com	1.0	0.0	0.0	0.0
thejournal.ie	1.0	0.0	0.0	0.0
thelist.com	1.0	0.0	0.0	0.0
thelocal.no	1.0	0.0	0.0	0.0
themoderatevoice.com	1.0	0.0	0.0	0.0
themoscowtimes.com	1.0	0.0	0.0	0.0
thenewhumanitarian.org	1.0	0.0	0.0	0.0
thenewstribune.com	1.0	0.0	0.0	0.0
thenewtropic.com	1.0	0.0	0.0	0.0
thenextweb.com	1.0	0.0	0.0	0.0
theodysseyonline.com	1.0	0.0	0.0	0.0
theolympian.com	1.0	0.0	0.0	0.0
thequint.com	1.0	0.0	0.0	0.0
theringer.com	1.0	0.0	0.0	0.0
thesaturdaypaper.com.au	1.0	0.0	0.0	0.0
theskimm.com	1.0	0.0	0.0	0.0
thespec.com	1.0	0.0	0.0	0.0
thestar.com	1.0	0.0	0.0	0.0
thestarpress.com	1.0	0.0	0.0	0.0
thestate.com	1.0	0.0	0.0	0.0
thesunmagazine.org	1.0	0.0	0.0	0.0
thetab.com	1.0	0.0	0.0	0.0
thetrace.org	1.0	0.0	0.0	0.0
thetyee.ca	1.0	0.0	0.0	0.0
thevarsity.ca	1.0	0.0	0.0	0.0
theverge.com	1.0	0.0	0.0	0.0
theweek.co.uk	1.0	0.0	0.0	0.0
thewire.in	1.0	0.0	0.0	0.0
thewrap.com	1.0	0.0	0.0	0.0
thrillist.com	1.0	0.0	0.0	0.0
time.com	1.0	0.0	0.0	0.0
timesheadline.com	1.0	0.0	0.0	0.0
timesofisrael.com	1.0	0.0	0.0	0.0
timesunion.com	1.0	0.0	0.0	0.0
tmnews.com	1.0	0.0	0.0	0.0
tmz.com	1.0	0.0	0.0	0.0
tomdispatch.com	1.0	0.0	0.0	0.0
transequality.org	1.0	0.0	0.0	0.0
truthbetold.news	1.0	0.0	0.0	0.0
tucson.com	1.0	0.0	0.0	0.0
tuscaloosanews.com	1.0	0.0	0.0	0.0
typemediacenter.org	1.0	0.0	0.0	0.0
uawire.org	1.0	0.0	0.0	0.0
ucsusa.org	1.0	0.0	0.0	0.0
uft.org	1.0	0.0	0.0	0.0
undark.org	1.0	0.0	0.0	0.0
universitybusiness.org	1.0	0.0	0.0	0.0
upr.org	1.0	0.0	0.0	0.0
urban.org	1.0	0.0	0.0	0.0
usatoday.com	1.0	0.0	0.0	0.0
usnews.com	1.0	0.0	0.0	0.0
uticaod.com	1.0	0.0	0.0	0.0
variety.com	1.0	0.0	0.0	0.0
verafiles.org	1.0	0.0	0.0	0.0
vibe.com	1.0	0.0	0.0	0.0
vice.com	1.0	0.0	0.0	0.0
victoriaadvocate.com	1.0	0.0	0.0	0.0
virginiamercury.com	1.0	0.0	0.0	0.0
visaliatimesdelta.com	1.0	0.0	0.0	0.0
vladtv.com	1.0	0.0	0.0	0.0
voiceofsandiego.org	1.0	0.0	0.0	0.0
votevets.org	1.0	0.0	0.0	0.0
vulture.com	1.0	0.0	0.0	0.0
vvdailypress.com	1.0	0.0	0.0	0.0
walesonline.co.uk	1.0	0.0	0.0	0.0
washingtonblade.com	1.0	0.0	0.0	0.0
washingtonmonthly.com	1.0	0.0	0.0	0.0
washingtonpost.com	1.0	0.0	0.0	0.0
weforum.org	1.0	0.0	0.0	0.0
westernmassnews.com	1.0	0.0	0.0	0.0
whistleblower.org	1.0	0.0	0.0	0.0
whitehouse.gov	1.0	0.0	0.0	0.0
wikileaks.org	1.0	0.0	0.0	0.0
wilderness.org	1.0	0.0	0.0	0.0
wilsoncenter.org	1.0	0.0	0.0	0.0
wired.com	1.0	0.0	0.0	0.0
wishtv.com	1.0	0.0	0.0	0.0
wnyc.org	1.0	0.0	0.0	0.0
worldcrunch.com	1.0	0.0	0.0	0.0
worldpolicy.org	1.0	0.0	0.0	0.0
worldpress.org	1.0	0.0	0.0	0.0
wri.org	1.0	0.0	0.0	0.0
wsvn.com	1.0	0.0	0.0	0.0
wvgazettemail.com	1.0	0.0	0.0	0.0
www.abc.net.au	1.0	0.0	0.0	0.0
yaleglobal.yale.edu	1.0	0.0	0.0	0.0
ydr.edu	1.0	0.0	0.0	0.0
ynetnews.edu	1.0	0.0	0.0	0.0
yorkdispatch.edu	1.0	0.0	0.0	0.0
yorkregion.com	1.0	0.0	0.0	0.0
youthradio.edu	1.0	0.0	0.0	0.0
youthrights.org	1.0	0.0	0.0	0.0
zeit.de	1.0	0.0	0.0	0.0
19thnews.org	0.0	1.0	0.0	0.0
Accountable.US	0.0	1.0	0.0	0.0
Brut.Media	0.0	1.0	0.0	0.0
JoeBiden.com	0.0	1.0	0.0	0.0
Them.us	0.0	1.0	0.0	0.0
act.tv	0.0	1.0	0.0	0.0
advocate.com	0.0	1.0	0.0	0.0
afj.org	0.0	1.0	0.0	0.0
aidc.org.za	0.0	1.0	0.0	0.0
alligator.org	0.0	1.0	0.0	0.0
alternet.org	0.0	1.0	0.0	0.0
americablog.com	0.0	1.0	0.0	0.0
americanbridgepac.org	0.0	1.0	0.0	0.0
americanindependent.com	0.0	1.0	0.0	0.0
americanprogress.org	0.0	1.0	0.0	0.0
amsterdamnews.com	0.0	1.0	0.0	0.0
angrywhitemen.org	0.0	1.0	0.0	0.0
attackthesystem.com	0.0	1.0	0.0	0.0
au.org	0.0	1.0	0.0	0.0
austinchronicle.com	0.0	1.0	0.0	0.0
autostraddle.com	0.0	1.0	0.0	0.0
bblackagendareport.com	0.0	1.0	0.0	0.0
billmoyers.com	0.0	1.0	0.0	0.0
bitchmedia.org	0.0	1.0	0.0	0.0
blackamericaweb.com	0.0	1.0	0.0	0.0
blacklivesmatter.com	0.0	1.0	0.0	0.0
blackmainstreet.net	0.0	1.0	0.0	0.0
blue-route.org	0.0	1.0	0.0	0.0
boingboing.net	0.0	1.0	0.0	0.0
boldprogressives.org	0.0	1.0	0.0	0.0
bostonreview.net	0.0	1.0	0.0	0.0
bradford-delong.com	0.0	1.0	0.0	0.0
bust.com	0.0	1.0	0.0	0.0
c4ss.org	0.0	1.0	0.0	0.0
calltoactivism.com	0.0	1.0	0.0	0.0
canadafactcheck.ca	0.0	1.0	0.0	0.0
canadiandimension.com	0.0	1.0	0.0	0.0
capitalandmain.com	0.0	1.0	0.0	0.0
care2.com	0.0	1.0	0.0	0.0
ceasefiremagazine.co.uk	0.0	1.0	0.0	0.0
change.org	0.0	1.0	0.0	0.0
chicagoreader.com	0.0	1.0	0.0	0.0
chicagoreporter.com	0.0	1.0	0.0	0.0
china.org.cn	0.0	1.0	0.0	0.0
citizencritics.org	0.0	1.0	0.0	0.0
citypaper.com	0.0	1.0	0.0	0.0
climatechangenews.com	0.0	1.0	0.0	0.0
climaterealityproject.org	0.0	1.0	0.0	0.0
cnn.com	0.0	1.0	0.0	0.0
codepink.org	0.0	1.0	0.0	0.0
colorlines.com	0.0	1.0	0.0	0.0
columbusfreepress.com	0.0	1.0	0.0	0.0
commondreams.org	0.0	1.0	0.0	0.0
communemag.com	0.0	1.0	0.0	0.0
copblock.org	0.0	1.0	0.0	0.0
cosmopolitan.com	0.0	1.0	0.0	0.0
countercurrents.org	0.0	1.0	0.0	0.0
counterpunch.org	0.0	1.0	0.0	0.0
crikey.com.au	0.0	1.0	0.0	0.0
crimethinc.com	0.0	1.0	0.0	0.0
crooked.com	0.0	1.0	0.0	0.0
crooksandliars.com	0.0	1.0	0.0	0.0
currentaffairs.org	0.0	1.0	0.0	0.0
curvemag.com	0.0	1.0	0.0	0.0
daily49er.com	0.0	1.0	0.0	0.0
dailydot.com	0.0	1.0	0.0	0.0
dailyrecord.co.uk	0.0	1.0	0.0	0.0
dailysoundandfury.com	0.0	1.0	0.0	0.0
dallasvoice.com	0.0	1.0	0.0	0.0
deadspin.com	0.0	1.0	0.0	0.0
deadstate.org	0.0	1.0	0.0	0.0
deepsouthvoice.com	0.0	1.0	0.0	0.0
democracychronicles.org	0.0	1.0	0.0	0.0
democracyjournal.org	0.0	1.0	0.0	0.0
democracynow.org	0.0	1.0	0.0	0.0
democratichub.com	0.0	1.0	0.0	0.0
democraticunderground.com	0.0	1.0	0.0	0.0
deshabhimani.com	0.0	1.0	0.0	0.0
desmogblog.com	0.0	1.0	0.0	0.0
dissentmagazine.org	0.0	1.0	0.0	0.0
drudge.com	0.0	1.0	0.0	0.0
dworkinreport.com	0.0	1.0	0.0	0.0
earthfirstjournal.org	0.0	1.0	0.0	0.0
ebar.com	0.0	1.0	0.0	0.0
ecowatch.com	0.0	1.0	0.0	0.0
egbertowillies.com	0.0	1.0	0.0	0.0
electoral-vote.com	0.0	1.0	0.0	0.0
electronicintifada.net	0.0	1.0	0.0	0.0
elitedaily.com	0.0	1.0	0.0	0.0
elle.com	0.0	1.0	0.0	0.0
esquire.com	0.0	1.0	0.0	0.0
everydayfeminism.com	0.0	1.0	0.0	0.0
evonomics.com	0.0	1.0	0.0	0.0
feministcurrent.com	0.0	1.0	0.0	0.0
feministing.com	0.0	1.0	0.0	0.0
ffrf.org	0.0	1.0	0.0	0.0
fifthestate.org	0.0	1.0	0.0	0.0
finnishnews.fi	0.0	1.0	0.0	0.0
foodandwaterwatch.org	0.0	1.0	0.0	0.0
foreignpolicyjournal.com	0.0	1.0	0.0	0.0
foreignpolicynews.org	0.0	1.0	0.0	0.0
freedomnews.org.uk	0.0	1.0	0.0	0.0
freepress.org	0.0	1.0	0.0	0.0
freespeech.org	0.0	1.0	0.0	0.0
frnewsreport.com	0.0	1.0	0.0	0.0
frontpagelive.com	0.0	1.0	0.0	0.0
gawker.com	0.0	1.0	0.0	0.0
gaycitynews.com	0.0	1.0	0.0	0.0
gaystarnews.com	0.0	1.0	0.0	0.0
geopoliticsalert.com	0.0	1.0	0.0	0.0
ghionjournal.com	0.0	1.0	0.0	0.0
gizmodo.com	0.0	1.0	0.0	0.0
glaad.org	0.0	1.0	0.0	0.0
globalvoices.org	0.0	1.0	0.0	0.0
good.is	0.0	1.0	0.0	0.0
goodmenproject.com	0.0	1.0	0.0	0.0
gq.com	0.0	1.0	0.0	0.0
gravelinstitute.org	0.0	1.0	0.0	0.0
greenleft.org.au	0.0	1.0	0.0	0.0
gritpost.com	0.0	1.0	0.0	0.0
guardianlv.com	0.0	1.0	0.0	0.0
haaretz.com	0.0	1.0	0.0	0.0
harpersbazaar.com	0.0	1.0	0.0	0.0
hightimes.com	0.0	1.0	0.0	0.0
hillreporter.com	0.0	1.0	0.0	0.0
hrc.org	0.0	1.0	0.0	0.0
huffingtonpost.com	0.0	1.0	0.0	0.0
indypendent.org	0.0	1.0	0.0	0.0
inequalitymedia.org	0.0	1.0	0.0	0.0
internationalviewpoint.org	0.0	1.0	0.0	0.0
inthesetimes.com	0.0	1.0	0.0	0.0
intpolicydigest.org	0.0	1.0	0.0	0.0
intrepidreport.com	0.0	1.0	0.0	0.0
iowacapitaldispatch.com	0.0	1.0	0.0	0.0
iowastartingline.com	0.0	1.0	0.0	0.0
ips-dc.org	0.0	1.0	0.0	0.0
itsgoingdown.org	0.0	1.0	0.0	0.0
jacobinmag.com	0.0	1.0	0.0	0.0
jezebel.com	0.0	1.0	0.0	0.0
juancole.com	0.0	1.0	0.0	0.0
latest.com	0.0	1.0	0.0	0.0
lavendermagazine.com	0.0	1.0	0.0	0.0
laweekly.com	0.0	1.0	0.0	0.0
leftfootforward.org	0.0	1.0	0.0	0.0
leftoverrights.com	0.0	1.0	0.0	0.0
leftscoop.com	0.0	1.0	0.0	0.0
leftvoice.org	0.0	1.0	0.0	0.0
levernews.com	0.0	1.0	0.0	0.0
lgbtqnation.com	0.0	1.0	0.0	0.0
libcom.org	0.0	1.0	0.0	0.0
liberalamerica.life	0.0	1.0	0.0	0.0
liberationnews.org	0.0	1.0	0.0	0.0
littlegreenfootballs.com	0.0	1.0	0.0	0.0
mainebeacon.com	0.0	1.0	0.0	0.0
marxist.com	0.0	1.0	0.0	0.0
mashable.com	0.0	1.0	0.0	0.0
mediaite.com	0.0	1.0	0.0	0.0
mediamatters.org	0.0	1.0	0.0	0.0
meduza.io	0.0	1.0	0.0	0.0
meidastouch.com	0.0	1.0	0.0	0.0
merryjane.com	0.0	1.0	0.0	0.0
mg.co.za	0.0	1.0	0.0	0.0
miaminewtimes.com	0.0	1.0	0.0	0.0
middleeastmonitor.com	0.0	1.0	0.0	0.0
milwaukeeindependent.org	0.0	1.0	0.0	0.0
modernliberals.com	0.0	1.0	0.0	0.0
monthlyreview.org	0.0	1.0	0.0	0.0
moonofalabama.org	0.0	1.0	0.0	0.0
morningstaronline.co.uk	0.0	1.0	0.0	0.0
msmagazine.com	0.0	1.0	0.0	0.0
msnbc.com	0.0	1.0	0.0	0.0
muncievoice.com	0.0	1.0	0.0	0.0
naacp.org	0.0	1.0	0.0	0.0
nationalmemo.com	0.0	1.0	0.0	0.0
nationofchange.org	0.0	1.0	0.0	0.0
ncpolicywatch.com	0.0	1.0	0.0	0.0
newint.org	0.0	1.0	0.0	0.0
newpol.org	0.0	1.0	0.0	0.0
newrepublic.com	0.0	1.0	0.0	0.0
newscorpse.com	0.0	1.0	0.0	0.0
newshounds.us	0.0	1.0	0.0	0.0
newsone.com	0.0	1.0	0.0	0.0
newstatesman.com	0.0	1.0	0.0	0.0
newyorker.com	0.0	1.0	0.0	0.0
north99.org	0.0	1.0	0.0	0.0
nowtoronto.com	0.0	1.0	0.0	0.0
nrdc.org	0.0	1.0	0.0	0.0
nymag.com	0.0	1.0	0.0	0.0
occupy.com	0.0	1.0	0.0	0.0
ohiocapitaljournal.com	0.0	1.0	0.0	0.0
onegreenplanet.org	0.0	1.0	0.0	0.0
opednews.com	0.0	1.0	0.0	0.0
opensocietyfoundations.org	0.0	1.0	0.0	0.0
out.com	0.0	1.0	0.0	0.0
palestinechronicle.com	0.0	1.0	0.0	0.0
palmerreport.com	0.0	1.0	0.0	0.0
pastemagazine.com	0.0	1.0	0.0	0.0
peacock-panache.com	0.0	1.0	0.0	0.0
penncapital-star.com	0.0	1.0	0.0	0.0
people.com	0.0	1.0	0.0	0.0
pfaw.org	0.0	1.0	0.0	0.0
phnompenhpost.com	0.0	1.0	0.0	0.0
photographyisnotacrime.com	0.0	1.0	0.0	0.0
pinknews.co.uk	0.0	1.0	0.0	0.0
politicaldig.com	0.0	1.0	0.0	0.0
politicususa.com	0.0	1.0	0.0	0.0
politizoom.com	0.0	1.0	0.0	0.0
popular.info	0.0	1.0	0.0	0.0
popularresistance.org	0.0	1.0	0.0	0.0
pressprogress.ca	0.0	1.0	0.0	0.0
progressive.org	0.0	1.0	0.0	0.0
progressivefrontier.com	0.0	1.0	0.0	0.0
projectcensored.org	0.0	1.0	0.0	0.0
prospect.org	0.0	1.0	0.0	0.0
prwatch.org	0.0	1.0	0.0	0.0
queerty.com	0.0	1.0	0.0	0.0
rabble.ca	0.0	1.0	0.0	0.0
rantt.com	0.0	1.0	0.0	0.0
rawstory.com	0.0	1.0	0.0	0.0
readersupportednews.org	0.0	1.0	0.0	0.0
readingthepictures.org	0.0	1.0	0.0	0.0
readsludge.com	0.0	1.0	0.0	0.0
redpepper.org.uk	0.0	1.0	0.0	0.0
refinery29.com	0.0	1.0	0.0	0.0
republicreport.org	0.0	1.0	0.0	0.0
resilience.org	0.0	1.0	0.0	0.0
revcom.us	0.0	1.0	0.0	0.0
rewire.news	0.0	1.0	0.0	0.0
rightwingwatch.org	0.0	1.0	0.0	0.0
rollingstone.com	0.0	1.0	0.0	0.0
salon.com	0.0	1.0	0.0	0.0
scarymommy.com	0.0	1.0	0.0	0.0
secondnexus.com	0.0	1.0	0.0	0.0
sfbayview.com	0.0	1.0	0.0	0.0
shadowproof.com	0.0	1.0	0.0	0.0
shareblue.com	0.0	1.0	0.0	0.0
shondaland.com	0.0	1.0	0.0	0.0
slate.com	0.0	1.0	0.0	0.0
socialistworker.org	0.0	1.0	0.0	0.0
sourcepolitics.com	0.0	1.0	0.0	0.0
sourcewatch.org	0.0	1.0	0.0	0.0
splcenter.org	0.0	1.0	0.0	0.0
splinternews.com	0.0	1.0	0.0	0.0
stpete4peace.org	0.0	1.0	0.0	0.0
talkingpointsmemo.com	0.0	1.0	0.0	0.0
teenvogue.com	0.0	1.0	0.0	0.0
texasobserver.org	0.0	1.0	0.0	0.0
the-daily.buzz	0.0	1.0	0.0	0.0
theburningspear.com	0.0	1.0	0.0	0.0
thecanary.co	0.0	1.0	0.0	0.0
thecut.com	0.0	1.0	0.0	0.0
thedailybanter.com	0.0	1.0	0.0	0.0
thedailybeast.com	0.0	1.0	0.0	0.0
thedailyvox.co.za	0.0	1.0	0.0	0.0
thedodo.com	0.0	1.0	0.0	0.0
thefifthcolumnnews.com	0.0	1.0	0.0	0.0
thefloridasqueeze.com	0.0	1.0	0.0	0.0
thegailygrind.com	0.0	1.0	0.0	0.0
thegrio.com	0.0	1.0	0.0	0.0
theguardiansofdemocracy.com	0.0	1.0	0.0	0.0
theimproper.com	0.0	1.0	0.0	0.0
theintellectualist.co	0.0	1.0	0.0	0.0
thelasource.com	0.0	1.0	0.0	0.0
thelily.com	0.0	1.0	0.0	0.0
thelondoneconomic.com	0.0	1.0	0.0	0.0
themarysue.com	0.0	1.0	0.0	0.0
themaven.net	0.0	1.0	0.0	0.0
themilitant.com	0.0	1.0	0.0	0.0
themonthly.com.au	0.0	1.0	0.0	0.0
thenation.com	0.0	1.0	0.0	0.0
thenewcivilrightsmovement.com	0.0	1.0	0.0	0.0
therealnews.com	0.0	1.0	0.0	0.0
theroot.com	0.0	1.0	0.0	0.0
thestranger.com	0.0	1.0	0.0	0.0
thewalrus.ca	0.0	1.0	0.0	0.0
theweek.com	0.0	1.0	0.0	0.0
thinkprogress.org	0.0	1.0	0.0	0.0
this.org	0.0	1.0	0.0	0.0
thisisthezerohour.com	0.0	1.0	0.0	0.0
towleroad.com	0.0	1.0	0.0	0.0
treehugger.com	0.0	1.0	0.0	0.0
trofire.com	0.0	1.0	0.0	0.0
truthdig.com	0.0	1.0	0.0	0.0
truthout.org	0.0	1.0	0.0	0.0
truththeory.com	0.0	1.0	0.0	0.0
tytnetwork.com	0.0	1.0	0.0	0.0
unicornriot.ninja	0.0	1.0	0.0	0.0
upworthy.com	0.0	1.0	0.0	0.0
vanityfair.com	0.0	1.0	0.0	0.0
villagevoice.com	0.0	1.0	0.0	0.0
viraltitle.com	0.0	1.0	0.0	0.0
vox.com	0.0	1.0	0.0	0.0
wallstreetonparade.com	0.0	1.0	0.0	0.0
washingtonbabylon.com	0.0	1.0	0.0	0.0
washingtonian.com	0.0	1.0	0.0	0.0
washingtonpress.com	0.0	1.0	0.0	0.0
washingtonsources.org	0.0	1.0	0.0	0.0
washingtonspectator.org	0.0	1.0	0.0	0.0
wearyourvoicemag.com	0.0	1.0	0.0	0.0
wehuntedthemammoth.com	0.0	1.0	0.0	0.0
whitehousewatch.com	0.0	1.0	0.0	0.0
whowhatwhy.org	0.0	1.0	0.0	0.0
wonkette.com	0.0	1.0	0.0	0.0
workers.org	0.0	1.0	0.0	0.0
worldcantwait.net	0.0	1.0	0.0	0.0
worldsocialism.org	0.0	1.0	0.0	0.0
wsws.org	0.0	1.0	0.0	0.0
yesmagazine.org	0.0	1.0	0.0	0.0
yourblackworld.net	0.0	1.0	0.0	0.0
zcomm.org	0.0	1.0	0.0	0.0
13wham.com	0.0	0.0	1.0	0.0
19fortyfive.com	0.0	0.0	1.0	0.0
7news.com.au	0.0	0.0	1.0	0.0
9news.com.au	0.0	0.0	1.0	0.0
Deutschland.de	0.0	0.0	1.0	0.0
FAZ.net	0.0	0.0	1.0	0.0
Foxillinois.com	0.0	0.0	1.0	0.0
India.com	0.0	0.0	1.0	0.0
MEAWW.com	0.0	0.0	1.0	0.0
NJ1015.com	0.0	0.0	1.0	0.0
Nine.com.au	0.0	0.0	1.0	0.0
TRIBUNnews.com	0.0	0.0	1.0	0.0
Villages-News.com	0.0	0.0	1.0	0.0
Watchdog.com	0.0	0.0	1.0	0.0
abc.es	0.0	0.0	1.0	0.0
abc3340.com	0.0	0.0	1.0	0.0
abc45.com	0.0	0.0	1.0	0.0
abc6onyourside.com	0.0	0.0	1.0	0.0
abc7amarillo.com	0.0	0.0	1.0	0.0
abcnews4.com	0.0	0.0	1.0	0.0
abcstlouis.com	0.0	0.0	1.0	0.0
abqjournal.com	0.0	0.0	1.0	0.0
acsh.org	0.0	0.0	1.0	0.0
aier.org	0.0	0.0	1.0	0.0
al.com	0.0	0.0	1.0	0.0
algemeiner.com	0.0	0.0	1.0	0.0
altoday.com	0.0	0.0	1.0	0.0
americanactionforum.org	0.0	0.0	1.0	0.0
americanaffairsjournal.org	0.0	0.0	1.0	0.0
americanfirearms.org	0.0	0.0	1.0	0.0
americanmilitarynews.com	0.0	0.0	1.0	0.0
americasquarterly.org	0.0	0.0	1.0	0.0
anchoragepress.com	0.0	0.0	1.0	0.0
aninews.in	0.0	0.0	1.0	0.0
antiwar.com	0.0	0.0	1.0	0.0
arcamax.com	0.0	0.0	1.0	0.0
arkansasonline.com	0.0	0.0	1.0	0.0
atlanticcouncil.org	0.0	0.0	1.0	0.0
bakersfieldnow.com	0.0	0.0	1.0	0.0
bangkokpost.com	0.0	0.0	1.0	0.0
beavercreeknewscurrent.com	0.0	0.0	1.0	0.0
beinglibertarian.com	0.0	0.0	1.0	0.0
berlingske.dk	0.0	0.0	1.0	0.0
bild.de	0.0	0.0	1.0	0.0
billingsgazette.com	0.0	0.0	1.0	0.0
bipartisanpolicy.org	0.0	0.0	1.0	0.0
bnr.nl	0.0	0.0	1.0	0.0
boomlive.in	0.0	0.0	1.0	0.0
bostonherald.com	0.0	0.0	1.0	0.0
breakingdefense.com	0.0	0.0	1.0	0.0
bt.dk	0.0	0.0	1.0	0.0
business-standard.com	0.0	0.0	1.0	0.0
businesslive.co.za	0.0	0.0	1.0	0.0
calgaryherald.com	0.0	0.0	1.0	0.0
californiaglobe.com	0.0	0.0	1.0	0.0
campaignforliberty.org	0.0	0.0	1.0	0.0
capitalismmagazine.com	0.0	0.0	1.0	0.0
capoliticalreview.com	0.0	0.0	1.0	0.0
cato.org	0.0	0.0	1.0	0.0
cbs12.com	0.0	0.0	1.0	0.0
cbs2iowa.com	0.0	0.0	1.0	0.0
cbs6albany.com	0.0	0.0	1.0	0.0
ccn.com	0.0	0.0	1.0	0.0
cftni.org	0.0	0.0	1.0	0.0
checkyourfact.com	0.0	0.0	1.0	0.0
chicagotribune.com	0.0	0.0	1.0	0.0
chinadigitaltimes.net	0.0	0.0	1.0	0.0
christianitytoday.com	0.0	0.0	1.0	0.0
cjnews.com	0.0	0.0	1.0	0.0
cnycentral.com	0.0	0.0	1.0	0.0
columbiadailyherald.com	0.0	0.0	1.0	0.0
couriermail.com.au	0.0	0.0	1.0	0.0
crfb.org	0.0	0.0	1.0	0.0
dailyadvocate.com	0.0	0.0	1.0	0.0
dailyherald.com	0.0	0.0	1.0	0.0
dailyjournal.net	0.0	0.0	1.0	0.0
dailynews.com	0.0	0.0	1.0	0.0
dailyo.in	0.0	0.0	1.0	0.0
dailypress.com	0.0	0.0	1.0	0.0
dallasnews.com	0.0	0.0	1.0	0.0
dayton247now.com	0.0	0.0	1.0	0.0
deccanchronicle.com	0.0	0.0	1.0	0.0
delgazette.com	0.0	0.0	1.0	0.0
denvergazette.com	0.0	0.0	1.0	0.0
deseretnews.com	0.0	0.0	1.0	0.0
desertsun.com	0.0	0.0	1.0	0.0
detroitnews.com	0.0	0.0	1.0	0.0
diepresse.com	0.0	0.0	1.0	0.0
dn.se	0.0	0.0	1.0	0.0
downsizinggovernment.org	0.0	0.0	1.0	0.0
drudgereport.com	0.0	0.0	1.0	0.0
durangoherald.com	0.0	0.0	1.0	0.0
ecuavisa.com	0.0	0.0	1.0	0.0
edmontonexaminer.com	0.0	0.0	1.0	0.0
edmontonjournal.com	0.0	0.0	1.0	0.0
edmontonsun.com	0.0	0.0	1.0	0.0
ekirikas.com	0.0	0.0	1.0	0.0
elmundo.es	0.0	0.0	1.0	0.0
eluniverso.com	0.0	0.0	1.0	0.0
en.yna.co.kr	0.0	0.0	1.0	0.0
english.ahram.org.eg	0.0	0.0	1.0	0.0
english.chosun.com	0.0	0.0	1.0	0.0
entrepreneur.com	0.0	0.0	1.0	0.0
eppc.org	0.0	0.0	1.0	0.0
expressen.se	0.0	0.0	1.0	0.0
fairborndailyherald.com	0.0	0.0	1.0	0.0
faithfamilyamerica.com	0.0	0.0	1.0	0.0
fcnews.org	0.0	0.0	1.0	0.0
fee.org	0.0	0.0	1.0	0.0
financialexpress.com	0.0	0.0	1.0	0.0
financialpost.com	0.0	0.0	1.0	0.0
firstpost.com	0.0	0.0	1.0	0.0
fitchratings.com	0.0	0.0	1.0	0.0
fitsnews.com	0.0	0.0	1.0	0.0
forbes.com	0.0	0.0	1.0	0.0
fortnightlyreview.co.uk	0.0	0.0	1.0	0.0
fortune.com	0.0	0.0	1.0	0.0
fox11online.com	0.0	0.0	1.0	0.0
fox17.com	0.0	0.0	1.0	0.0
fox23maine.com	0.0	0.0	1.0	0.0
fox28media.com	0.0	0.0	1.0	0.0
fox38corpuschristi.com	0.0	0.0	1.0	0.0
fox42kptm.com	0.0	0.0	1.0	0.0
fox4beaumont.com	0.0	0.0	1.0	0.0
fox56.com	0.0	0.0	1.0	0.0
foxbaltimore.com	0.0	0.0	1.0	0.0
foxbusiness.com	0.0	0.0	1.0	0.0
foxchattanooga.com	0.0	0.0	1.0	0.0
foxkansas.com	0.0	0.0	1.0	0.0
foxlexington.com	0.0	0.0	1.0	0.0
foxnebraska.com	0.0	0.0	1.0	0.0
foxreno.com	0.0	0.0	1.0	0.0
foxrichmond.com	0.0	0.0	1.0	0.0
foxrochester.com	0.0	0.0	1.0	0.0
foxsanantonio.com	0.0	0.0	1.0	0.0
fpri.org	0.0	0.0	1.0	0.0
franklinnews.org	0.0	0.0	1.0	0.0
fraserinstitute.org	0.0	0.0	1.0	0.0
freedomalliance.org	0.0	0.0	1.0	0.0
freedomhouse.org	0.0	0.0	1.0	0.0
frontiersman.com	0.0	0.0	1.0	0.0
galvnews.com	0.0	0.0	1.0	0.0
gazette.com	0.0	0.0	1.0	0.0
geo.tv	0.0	0.0	1.0	0.0
gp.se	0.0	0.0	1.0	0.0
greenfieldreporter.com	0.0	0.0	1.0	0.0
guns.com	0.0	0.0	1.0	0.0
heraldsun.com.au	0.0	0.0	1.0	0.0
hidesertstar.com	0.0	0.0	1.0	0.0
hk.appledaily.com	0.0	0.0	1.0	0.0
hln.be	0.0	0.0	1.0	0.0
honestreporting.com	0.0	0.0	1.0	0.0
hoover.org	0.0	0.0	1.0	0.0
hpenews.com	0.0	0.0	1.0	0.0
humanprogress.org	0.0	0.0	1.0	0.0
idahostatejournal.com	0.0	0.0	1.0	0.0
ilgiornale.it	0.0	0.0	1.0	0.0
independent.ie	0.0	0.0	1.0	0.0
independent.org	0.0	0.0	1.0	0.0
indiatimes.com	0.0	0.0	1.0	0.0
indiatoday.in	0.0	0.0	1.0	0.0
indiatvnews.com	0.0	0.0	1.0	0.0
inforum.com	0.0	0.0	1.0	0.0
inhomelandsecurity.com	0.0	0.0	1.0	0.0
insidesources.com	0.0	0.0	1.0	0.0
interfax.ru	0.0	0.0	1.0	0.0
investortimes.com	0.0	0.0	1.0	0.0
israelnationalnews.com	0.0	0.0	1.0	0.0
itv.com	0.0	0.0	1.0	0.0
jewishbreakingnews.com	0.0	0.0	1.0	0.0
jewishjournal.com	0.0	0.0	1.0	0.0
jewishpress.com	0.0	0.0	1.0	0.0
jns.org	0.0	0.0	1.0	0.0
journal-news.net	0.0	0.0	1.0	0.0
jpost.com	0.0	0.0	1.0	0.0
justfacts.com	0.0	0.0	1.0	0.0
justfactsdaily.com	0.0	0.0	1.0	0.0
katu.com	0.0	0.0	1.0	0.0
katv.com	0.0	0.0	1.0	0.0
kbsi23.com	0.0	0.0	1.0	0.0
kdsm17.com	0.0	0.0	1.0	0.0
keprtv.com	0.0	0.0	1.0	0.0
kfdm.com	0.0	0.0	1.0	0.0
kfoxtv.com	0.0	0.0	1.0	0.0
khaleejtimes.com	0.0	0.0	1.0	0.0
khqa.com	0.0	0.0	1.0	0.0
kimatv.com	0.0	0.0	1.0	0.0
klewtv.com	0.0	0.0	1.0	0.0
kmph.com	0.0	0.0	1.0	0.0
knewz.com	0.0	0.0	1.0	0.0
komonews.com	0.0	0.0	1.0	0.0
koreaherald.com	0.0	0.0	1.0	0.0
krcgtv.com	0.0	0.0	1.0	0.0
ktul.com	0.0	0.0	1.0	0.0
kutv.com	0.0	0.0	1.0	0.0
lbc.co.uk	0.0	0.0	1.0	0.0
leaderpost.com	0.0	0.0	1.0	0.0
learnliberty.org	0.0	0.0	1.0	0.0
lefigaro.fr	0.0	0.0	1.0	0.0
leicestermercury.co.uk	0.0	0.0	1.0	0.0
lexingtoninstitute.org	0.0	0.0	1.0	0.0
lfpress.com	0.0	0.0	1.0	0.0
libertarianism.org	0.0	0.0	1.0	0.0
listverse.com	0.0	0.0	1.0	0.0
lmtonline.com	0.0	0.0	1.0	0.0
local12.com	0.0	0.0	1.0	0.0
local21news.com	0.0	0.0	1.0	0.0
longwarjournal.org	0.0	0.0	1.0	0.0
m24.ru	0.0	0.0	1.0	0.0
mackinac.org	0.0	0.0	1.0	0.0
malaymail.com	0.0	0.0	1.0	0.0
manilatimes.net	0.0	0.0	1.0	0.0
marginalrevolution.com	0.0	0.0	1.0	0.0
marketwatch.com	0.0	0.0	1.0	0.0
mercatus.org	0.0	0.0	1.0	0.0
metabunk.org	0.0	0.0	1.0	0.0
mininggazette.com	0.0	0.0	1.0	0.0
mlive.com	0.0	0.0	1.0	0.0
montrealgazette.com	0.0	0.0	1.0	0.0
mtdemocrat.com	0.0	0.0	1.0	0.0
mycbs4.com	0.0	0.0	1.0	0.0
mydailyregister.com	0.0	0.0	1.0	0.0
mydailysentinel.com	0.0	0.0	1.0	0.0
mydailytribune.com	0.0	0.0	1.0	0.0
myfox28columbus.com	0.0	0.0	1.0	0.0
myheraldreview.com	0.0	0.0	1.0	0.0
myheraldreview.com/news/willcox	0.0	0.0	1.0	0.0
mynbc15.com	0.0	0.0	1.0	0.0
mynorthwest.com	0.0	0.0	1.0	0.0
nacion.com	0.0	0.0	1.0	0.0
nation.com.pk	0.0	0.0	1.0	0.0
nationalaffairs.com	0.0	0.0	1.0	0.0
nationalinterest.org	0.0	0.0	1.0	0.0
nationalpost.com	0.0	0.0	1.0	0.0
nbc24.com	0.0	0.0	1.0	0.0
nbc25news.com	0.0	0.0	1.0	0.0
nebraska.tv	0.0	0.0	1.0	0.0
newideal.aynrand.org	0.0	0.0	1.0	0.0
news-gazette.com	0.0	0.0	1.0	0.0
news-herald.com	0.0	0.0	1.0	0.0
news.com.au	0.0	0.0	1.0	0.0
news3lv.com	0.0	0.0	1.0	0.0
news4sanantonio.com	0.0	0.0	1.0	0.0
newsandsentinel.com	0.0	0.0	1.0	0.0
newschannel9.com	0.0	0.0	1.0	0.0
nhk.or.jp	0.0	0.0	1.0	0.0
nos.nl	0.0	0.0	1.0	0.0
nowentertainment.net	0.0	0.0	1.0	0.0
nwaonline.com	0.0	0.0	1.0	0.0
nypost.com	0.0	0.0	1.0	0.0
oaoa.com	0.0	0.0	1.0	0.0
observer.com	0.0	0.0	1.0	0.0
ocregister.com	0.0	0.0	1.0	0.0
okcfox.com	0.0	0.0	1.0	0.0
oklahoman.com	0.0	0.0	1.0	0.0
omaha.com	0.0	0.0	1.0	0.0
opendoorsusa.org	0.0	0.0	1.0	0.0
opposingviews.com	0.0	0.0	1.0	0.0
oregonlive.com	0.0	0.0	1.0	0.0
ottawacitizen.com	0.0	0.0	1.0	0.0
ottawasun.com	0.0	0.0	1.0	0.0
pacificresearch.org	0.0	0.0	1.0	0.0
pantagraph.com	0.0	0.0	1.0	0.0
pe.com	0.0	0.0	1.0	0.0
peninsuladailynews.com	0.0	0.0	1.0	0.0
policyed.org.com	0.0	0.0	1.0	0.0
politisite.com	0.0	0.0	1.0	0.0
portsmouth-dailytimes.com	0.0	0.0	1.0	0.0
post-gazette.com	0.0	0.0	1.0	0.0
post-journal.com	0.0	0.0	1.0	0.0
rasmussenreports.com	0.0	0.0	1.0	0.0
realcleardefense.com	0.0	0.0	1.0	0.0
realclearinvestigations.com	0.0	0.0	1.0	0.0
realclearmarkets.com	0.0	0.0	1.0	0.0
realclearpolicy.com	0.0	0.0	1.0	0.0
realclearpolitics.com	0.0	0.0	1.0	0.0
realclearreligion.org	0.0	0.0	1.0	0.0
reason.com	0.0	0.0	1.0	0.0
recordherald.com	0.0	0.0	1.0	0.0
registerherald.com	0.0	0.0	1.0	0.0
remingtonresearchgroup.com	0.0	0.0	1.0	0.0
rep-am.com	0.0	0.0	1.0	0.0
republicworld.com	0.0	0.0	1.0	0.0
reviewjournal.com	0.0	0.0	1.0	0.0
rstreet.org	0.0	0.0	1.0	0.0
savannahnow.com	0.0	0.0	1.0	0.0
sbsun.com	0.0	0.0	1.0	0.0
scoperatings.com	0.0	0.0	1.0	0.0
siouxlandnews.com	0.0	0.0	1.0	0.0
sofrep.com	0.0	0.0	1.0	0.0
spectator.co.uk	0.0	0.0	1.0	0.0
spectator.us	0.0	0.0	1.0	0.0
spectatorworld.com	0.0	0.0	1.0	0.0
spokesman.com	0.0	0.0	1.0	0.0
srnnews.com	0.0	0.0	1.0	0.0
sstraitstimes.com	0.0	0.0	1.0	0.0
standard.co.uk	0.0	0.0	1.0	0.0
standardmedia.co.ke	0.0	0.0	1.0	0.0
star-telegram.com	0.0	0.0	1.0	0.0
studentnewsdaily.com	0.0	0.0	1.0	0.0
sungazette.com	0.0	0.0	1.0	0.0
tabletmag.com	0.0	0.0	1.0	0.0
tallahassee.com	0.0	0.0	1.0	0.0
taxfoundation.org	0.0	0.0	1.0	0.0
taxpayer.com	0.0	0.0	1.0	0.0
tharawat-magazine.com	0.0	0.0	1.0	0.0
the-american-interest.com	0.0	0.0	1.0	0.0
the-japan-news.com	0.0	0.0	1.0	0.0
theadvocates.org	0.0	0.0	1.0	0.0
theamericanconservative.com	0.0	0.0	1.0	0.0
theaustralian.com.au	0.0	0.0	1.0	0.0
thebreakthrough.org	0.0	0.0	1.0	0.0
thebrunswicknews.com	0.0	0.0	1.0	0.0
thebulwark.com	0.0	0.0	1.0	0.0
thechronicleherald.ca	0.0	0.0	1.0	0.0
thedispatch.com	0.0	0.0	1.0	0.0
thefiscaltimes.com	0.0	0.0	1.0	0.0
thegazette.com	0.0	0.0	1.0	0.0
theglobeandmail.com	0.0	0.0	1.0	0.0
thehindubusinessline.com	0.0	0.0	1.0	0.0
theihs.org	0.0	0.0	1.0	0.0
theitem.com	0.0	0.0	1.0	0.0
theledger.com	0.0	0.0	1.0	0.0
thelibertarianrepublic.com	0.0	0.0	1.0	0.0
thenationaldesk.com	0.0	0.0	1.0	0.0
thenewatlantis.com	0.0	0.0	1.0	0.0
thenews.com.pk	0.0	0.0	1.0	0.0
theobjectivestandard.com	0.0	0.0	1.0	0.0
thesorrentino.com	0.0	0.0	1.0	0.0
thestarphoenix.com	0.0	0.0	1.0	0.0
thestreet.com	0.0	0.0	1.0	0.0
thetimes.co.uk	0.0	0.0	1.0	0.0
thetimesherald.com	0.0	0.0	1.0	0.0
thewest.com.au	0.0	0.0	1.0	0.0
timesgazette.com	0.0	0.0	1.0	0.0
timeslive.co.za	0.0	0.0	1.0	0.0
timesofindia.indiatimes.com	0.0	0.0	1.0	0.0
tnonline.com	0.0	0.0	1.0	0.0
toledoblade.com	0.0	0.0	1.0	0.0
tovima.gr	0.0	0.0	1.0	0.0
transparentcalifornia.com	0.0	0.0	1.0	0.0
triblive.com	0.0	0.0	1.0	0.0
tribtown.com	0.0	0.0	1.0	0.0
tulsaworld.com	0.0	0.0	1.0	0.0
turnto10.com	0.0	0.0	1.0	0.0
twincities.com	0.0	0.0	1.0	0.0
unionleader.com	0.0	0.0	1.0	0.0
upnorthlive.com	0.0	0.0	1.0	0.0
valleynewslive.com	0.0	0.0	1.0	0.0
valuewalk.com	0.0	0.0	1.0	0.0
vancouversun.com	0.0	0.0	1.0	0.0
volkskrant.nl	0.0	0.0	1.0	0.0
wach.com	0.0	0.0	1.0	0.0
washingtoninstitute.org	0.0	0.0	1.0	0.0
wchstv.com	0.0	0.0	1.0	0.0
wcti12.com	0.0	0.0	1.0	0.0
wctrib.com	0.0	0.0	1.0	0.0
wcyb.com	0.0	0.0	1.0	0.0
weartv.com	0.0	0.0	1.0	0.0
welt.de	0.0	0.0	1.0	0.0
wfxl.com	0.0	0.0	1.0	0.0
wgme.com	0.0	0.0	1.0	0.0
wgxa.com	0.0	0.0	1.0	0.0
windsorstar.com	0.0	0.0	1.0	0.0
wjactv.com	0.0	0.0	1.0	0.0
wjla.com	0.0	0.0	1.0	0.0
wlos.com	0.0	0.0	1.0	0.0
wnewsj.com	0.0	0.0	1.0	0.0
wpgh53.com	0.0	0.0	1.0	0.0
wsbt.com	0.0	0.0	1.0	0.0
wset.com	0.0	0.0	1.0	0.0
wsj.com	0.0	0.0	1.0	0.0
wtov9.com	0.0	0.0	1.0	0.0
wtwc40.com	0.0	0.0	1.0	0.0
wutv29.com	0.0	0.0	1.0	0.0
wvah.com	0.0	0.0	1.0	0.0
wwmt.com	0.0	0.0	1.0	0.0
xeniagazette.com	0.0	0.0	1.0	0.0
yankeeinstitute.org	0.0	0.0	1.0	0.0
yomiuri.co.jp	0.0	0.0	1.0	0.0
zebrafactcheck.com	0.0	0.0	1.0	0.0
2ndvote.com	0.0	0.0	0.0	1.0
Abort73.com	0.0	0.0	0.0	1.0
Aish.com	0.0	0.0	0.0	1.0
AsianNews.it	0.0	0.0	0.0	1.0
CAGW.org	0.0	0.0	0.0	1.0
DonaldJTrump.com	0.0	0.0	0.0	1.0
NFRW.org	0.0	0.0	0.0	1.0
TheGreggJarrett.com	0.0	0.0	0.0	1.0
TheLeoTerrell.com	0.0	0.0	0.0	1.0
Thejeffreylord.com	0.0	0.0	0.0	1.0
aa.com.tr	0.0	0.0	0.0	1.0
ac2news.com	0.0	0.0	0.0	1.0
academia.org	0.0	0.0	0.0	1.0
aclj.org	0.0	0.0	0.0	1.0
acton.org	0.0	0.0	0.0	1.0
adelaidenow.com.au	0.0	0.0	0.0	1.0
aei.org	0.0	0.0	0.0	1.0
afpc.org	0.0	0.0	0.0	1.0
aim.org	0.0	0.0	0.0	1.0
aina.org	0.0	0.0	0.0	1.0
alec.org	0.0	0.0	0.0	1.0
altnewsmedia.net	0.0	0.0	0.0	1.0
amac.us	0.0	0.0	0.0	1.0
americafirstpolicy.com	0.0	0.0	0.0	1.0
americanconsequences.com	0.0	0.0	0.0	1.0
americanexperiment.org	0.0	0.0	0.0	1.0
americanjournaldaily.com	0.0	0.0	0.0	1.0
americanmind.org	0.0	0.0	0.0	1.0
americansforprosperity.org	0.0	0.0	0.0	1.0
americarisingpac.org	0.0	0.0	0.0	1.0
americasvoice.news	0.0	0.0	0.0	1.0
amgreatness.com	0.0	0.0	0.0	1.0
amimagazine.org	0.0	0.0	0.0	1.0
ammoland.com	0.0	0.0	0.0	1.0
arizonadailyindependent.com	0.0	0.0	0.0	1.0
armstrongeconomics.com	0.0	0.0	0.0	1.0
atr.org	0.0	0.0	0.0	1.0
badgerinstitute.org	0.0	0.0	0.0	1.0
ballotpedia.org	0.0	0.0	0.0	1.0
bearingarms.com	0.0	0.0	0.0	1.0
beliefnet.com	0.0	0.0	0.0	1.0
bizpacreview.com	0.0	0.0	0.0	1.0
blabber.buzz	0.0	0.0	0.0	1.0
bluelivesmatter.blue	0.0	0.0	0.0	1.0
boundingintocomics.com	0.0	0.0	0.0	1.0
brownstone.org	0.0	0.0	0.0	1.0
buzzsawpolitics.com	0.0	0.0	0.0	1.0
c2cjournal.ca	0.0	0.0	0.0	1.0
calgarysun.com	0.0	0.0	0.0	1.0
campaignlifecoalition.com	0.0	0.0	0.0	1.0
campusreform.org	0.0	0.0	0.0	1.0
capitalresearch.org	0.0	0.0	0.0	1.0
cc.org	0.0	0.0	0.0	1.0
chicksontheright.com	0.0	0.0	0.0	1.0
christianheadlines.com	0.0	0.0	0.0	1.0
christiannewsalerts.com	0.0	0.0	0.0	1.0
christianpost.com	0.0	0.0	0.0	1.0
christiantoday.com	0.0	0.0	0.0	1.0
chroniclesmagazine.org	0.0	0.0	0.0	1.0
citizenfreepress.com	0.0	0.0	0.0	1.0
citizensunited.org	0.0	0.0	0.0	1.0
city-journal.org	0.0	0.0	0.0	1.0
claremont.org	0.0	0.0	0.0	1.0
colddeadhands.us	0.0	0.0	0.0	1.0
commdiginews.com	0.0	0.0	0.0	1.0
commentarymagazine.com	0.0	0.0	0.0	1.0
conservative.org	0.0	0.0	0.0	1.0
conservativebase.com	0.0	0.0	0.0	1.0
conservativebrief.com	0.0	0.0	0.0	1.0
conservativehome.com	0.0	0.0	0.0	1.0
conservativehq.com	0.0	0.0	0.0	1.0
conservativeinstitute.org	0.0	0.0	0.0	1.0
conservativeopinion.com	0.0	0.0	0.0	1.0
conservativereview.com	0.0	0.0	0.0	1.0
conservativesus.party	0.0	0.0	0.0	1.0
conservativetoday.com	0.0	0.0	0.0	1.0
conservativewoman.co.uk	0.0	0.0	0.0	1.0
cpi.org	0.0	0.0	0.0	1.0
crimeresearch.org	0.0	0.0	0.0	1.0
crisismagazine.com	0.0	0.0	0.0	1.0
dailycaller.com	0.0	0.0	0.0	1.0
dailyreckoning.com	0.0	0.0	0.0	1.0
dailysignal.com	0.0	0.0	0.0	1.0
dailytelegraph.com.au	0.0	0.0	0.0	1.0
dailytorch.com	0.0	0.0	0.0	1.0
dailywire.com	0.0	0.0	0.0	1.0
dc-chronicle.com	0.0	0.0	0.0	1.0
dcstatesman.com	0.0	0.0	0.0	1.0
defenddemocracy.org	0.0	0.0	0.0	1.0
disrn.com	0.0	0.0	0.0	1.0
dmlnews.com	0.0	0.0	0.0	1.0
eagleactionreport.com	0.0	0.0	0.0	1.0
econlib.com	0.0	0.0	0.0	1.0
economicpolicyjournal.com	0.0	0.0	0.0	1.0
egypttoday.com	0.0	0.0	0.0	1.0
energycitizens.org	0.0	0.0	0.0	1.0
epnewsleader.com	0.0	0.0	0.0	1.0
express.co.uk	0.0	0.0	0.0	1.0
factsandlogic.org	0.0	0.0	0.0	1.0
faithwire.com	0.0	0.0	0.0	1.0
fakehatecrimes.org	0.0	0.0	0.0	1.0
farleftwatch.com	0.0	0.0	0.0	1.0
fedsoc.org	0.0	0.0	0.0	1.0
ff.org	0.0	0.0	0.0	1.0
fff.org	0.0	0.0	0.0	1.0
firstthings.com	0.0	0.0	0.0	1.0
foxnews.com	0.0	0.0	0.0	1.0
freebeacon.com	0.0	0.0	0.0	1.0
freedomandprosperity.org	0.0	0.0	0.0	1.0
freedomworks.org	0.0	0.0	0.0	1.0
freerepublic.com	0.0	0.0	0.0	1.0
futureinamerica.com	0.0	0.0	0.0	1.0
g-a-i.org	0.0	0.0	0.0	1.0
gbnews.uk	0.0	0.0	0.0	1.0
getreligion.org	0.0	0.0	0.0	1.0
gopusa.com	0.0	0.0	0.0	1.0
grabien.com	0.0	0.0	0.0	1.0
greatamericanpolitics.com	0.0	0.0	0.0	1.0
heritage.com	0.0	0.0	0.0	1.0
hermancain.com	0.0	0.0	0.0	1.0
hillsdale.edu	0.0	0.0	0.0	1.0
hotair.com	0.0	0.0	0.0	1.0
hudson.org	0.0	0.0	0.0	1.0
humanevents.com	0.0	0.0	0.0	1.0
hurriyet.com.tr	0.0	0.0	0.0	1.0
hurriyetdailynews.com	0.0	0.0	0.0	1.0
ibleedredwhiteblue.com	0.0	0.0	0.0	1.0
ifstudies.org	0.0	0.0	0.0	1.0
ijr.org	0.0	0.0	0.0	1.0
illinoispolicy.org	0.0	0.0	0.0	1.0
influencewatch.org	0.0	0.0	0.0	1.0
intellectualtakeout.org	0.0	0.0	0.0	1.0
investors.com	0.0	0.0	0.0	1.0
israelhayom.com	0.0	0.0	0.0	1.0
issuesinsights.com	0.0	0.0	0.0	1.0
iwf.org	0.0	0.0	0.0	1.0
jewishpolicycenter.org	0.0	0.0	0.0	1.0
jewishworldreview.com	0.0	0.0	0.0	1.0
journaldemontreal.com	0.0	0.0	0.0	1.0
judicialnetwork.com	0.0	0.0	0.0	1.0
kansaspolicy.org	0.0	0.0	0.0	1.0
krone.at	0.0	0.0	0.0	1.0
lawenforcementtoday.com	0.0	0.0	0.0	1.0
lawliberty.org	0.0	0.0	0.0	1.0
legalinsurrection.com	0.0	0.0	0.0	1.0
libertyheadlines.com	0.0	0.0	0.0	1.0
libertynation.com	0.0	0.0	0.0	1.0
lifezette.com	0.0	0.0	0.0	1.0
loneconservative.com	0.0	0.0	0.0	1.0
lozierinstitute.org	0.0	0.0	0.0	1.0
manhattan-institute.org	0.0	0.0	0.0	1.0
mediacircus.com	0.0	0.0	0.0	1.0
mediaequalizer.com	0.0	0.0	0.0	1.0
mediarightnews.com	0.0	0.0	0.0	1.0
mercatornet.com	0.0	0.0	0.0	1.0
milliyet.com.tr	0.0	0.0	0.0	1.0
mises.org	0.0	0.0	0.0	1.0
mrc.org	0.0	0.0	0.0	1.0
nationalcenter.org	0.0	0.0	0.0	1.0
nationalreview.com	0.0	0.0	0.0	1.0
nccivitas.org	0.0	0.0	0.0	1.0
ncregister.com	0.0	0.0	0.0	1.0
newbostonpost.com	0.0	0.0	0.0	1.0
newsbusters.org	0.0	0.0	0.0	1.0
ngo-monitor.org	0.0	0.0	0.0	1.0
notthebee.com	0.0	0.0	0.0	1.0
nraila.org	0.0	0.0	0.0	1.0
ntknetwork.com	0.0	0.0	0.0	1.0
numbersusa.com	0.0	0.0	0.0	1.0
nysun.com	0.0	0.0	0.0	1.0
offgridsurvival.com	0.0	0.0	0.0	1.0
oneangrygamer.net	0.0	0.0	0.0	1.0
ontarioproud.ca	0.0	0.0	0.0	1.0
openvaers.com	0.0	0.0	0.0	1.0
opslens.com	0.0	0.0	0.0	1.0
order-order.com	0.0	0.0	0.0	1.0
outkick.com	0.0	0.0	0.0	1.0
panampost.com	0.0	0.0	0.0	1.0
pantsonfirenews.com	0.0	0.0	0.0	1.0
patriotnewsalerts.com	0.0	0.0	0.0	1.0
patriotnewsdaily.com	0.0	0.0	0.0	1.0
patriotpost.us	0.0	0.0	0.0	1.0
patriotretort.com	0.0	0.0	0.0	1.0
pluralist.com	0.0	0.0	0.0	1.0
politicalite.com	0.0	0.0	0.0	1.0
politichicks.com	0.0	0.0	0.0	1.0
populistwire.com	0.0	0.0	0.0	1.0
powerlineblog.com	0.0	0.0	0.0	1.0
publicinterestlegal.org	0.0	0.0	0.0	1.0
punchingbagpost.com	0.0	0.0	0.0	1.0
quadrant.org.au	0.0	0.0	0.0	1.0
rd.com	0.0	0.0	0.0	1.0
redalertpolitics.com	0.0	0.0	0.0	1.0
redstate.com	0.0	0.0	0.0	1.0
ricochet.com	0.0	0.0	0.0	1.0
rightandfree.com	0.0	0.0	0.0	1.0
ronpaulinstitute.org	0.0	0.0	0.0	1.0
ronpaullibertyreport.com	0.0	0.0	0.0	1.0
sabah.com.tr	0.0	0.0	0.0	1.0
savejersey.com	0.0	0.0	0.0	1.0
sbgi.net	0.0	0.0	0.0	1.0
sentinelksmo.org	0.0	0.0	0.0	1.0
shorenewsnetwork.com	0.0	0.0	0.0	1.0
skynews.com.au	0.0	0.0	0.0	1.0
sonorannews.com	0.0	0.0	0.0	1.0
southernpatriotnews.com	0.0	0.0	0.0	1.0
spectator.org	0.0	0.0	0.0	1.0
spiked-online.com	0.0	0.0	0.0	1.0
standpointmag.co.uk	0.0	0.0	0.0	1.0
starpolitical.com	0.0	0.0	0.0	1.0
steadfastdaily.com	0.0	0.0	0.0	1.0
tatumreport.com	0.0	0.0	0.0	1.0
telegraaf.nl	0.0	0.0	0.0	1.0
telegraph.co.uk	0.0	0.0	0.0	1.0
tennesseestar.com	0.0	0.0	0.0	1.0
tenthamendmentcenter.com	0.0	0.0	0.0	1.0
the-sun.com	0.0	0.0	0.0	1.0
thecollegefix.com	0.0	0.0	0.0	1.0
theconservativenut.gop	0.0	0.0	0.0	1.0
thedailyliberator.com	0.0	0.0	0.0	1.0
thefirsttv.com	0.0	0.0	0.0	1.0
thehayride.com	0.0	0.0	0.0	1.0
thehonestpatriot.net	0.0	0.0	0.0	1.0
theminnesotasun.com	0.0	0.0	0.0	1.0
thenationalherald.com	0.0	0.0	0.0	1.0
thenewamerican.com	0.0	0.0	0.0	1.0
thenewrevere.com	0.0	0.0	0.0	1.0
theohiostar.com	0.0	0.0	0.0	1.0
thepostmillennial.com	0.0	0.0	0.0	1.0
thestar.com.my	0.0	0.0	0.0	1.0
thesun.co.uk	0.0	0.0	0.0	1.0
thetexan.news	0.0	0.0	0.0	1.0
thetruthaboutguns.com	0.0	0.0	0.0	1.0
tnc.news	0.0	0.0	0.0	1.0
torontosun.com	0.0	0.0	0.0	1.0
trendingviews.co	0.0	0.0	0.0	1.0
tribunist.com	0.0	0.0	0.0	1.0
trtworld.com	0.0	0.0	0.0	1.0
twitchy.com	0.0	0.0	0.0	1.0
unitynewsnetwork.co.uk	0.0	0.0	0.0	1.0
unwatch.org	0.0	0.0	0.0	1.0
updateamerica.com	0.0	0.0	0.0	1.0
washingtonexaminer.com	0.0	0.0	0.0	1.0
watchdogreport.org	0.0	0.0	0.0	1.0
weaselzippers.us	0.0	0.0	0.0	1.0
weeklystandard.com	0.0	0.0	0.0	1.0
westmonster.com	0.0	0.0	0.0	1.0
whatfinger.com	0.0	0.0	0.0	1.0
wikiislam.net	0.0	0.0	0.0	1.0
world.wng.org	0.0	0.0	0.0	1.0
worldtribune.com	0.0	0.0	0.0	1.0
yaf.org	0.0	0.0	0.0	1.0
yellowhammernews.com	0.0	0.0	0.0	1.0
youngcons.com	0.0	0.0	0.0	1.0
